channel_name,name,channel_link,description_separator,done,subscribers,total video,16/07/2021
RealStories,Real Stories,UCu4XcDBdnZkV6-5z2f16M0g,23/06/2021,y,,,
CompulsiveCleaners,Only Human,UCkRmoZiR_SOssKA89m1eYJg,24/06/2021,y,,,
RealFamilies,Real Families,UCnLZd2akioIjHHrze5atqqw,25/06/2021,y,,,
RealCrime,Real Crime,UC1s9576cQFdQq3QTtTxocmA,26/06/2021,y,,,
RealDramaChannel,Real Drama,UC6P6FTLNInK0K1DmwaD6X1w,27/06/2021,y,,,
TRACKSTravelChannel,TRACKS,UC6n_HeL8xgWIQsKsWs4KO4w,28/06/2021,y,,,
PerspectiveArts,Perspective,UCN8V_pO0xOFKLL4XG1tshnw,29/06/2021,y,,,
UCr5qeBG9g7bGtMGyHG2GzbQ,Absolute History,UCr5qeBG9g7bGtMGyHG2GzbQ,30/06/2021,y,,,
UC3fOzMSxcmCXZLmAM9vy1IQ,War Stories,UC3fOzMSxcmCXZLmAM9vy1IQ,01/07/2021,y,,,
Retrospectivefilms,Retrospective,UCibOdW_Yj0-pj5SQGZxZIgA,02/07/2021,y,,,
UCjD2hhUF5R8G9oAjOzQo26w,Retold,UCjD2hhUF5R8G9oAjOzQo26w,03/07/2021,y,,,
RealLove_Channel,Real Love,UCq-v1_6XaAQm_ar6Flsgwpg,04/07/2021,y,,,
UC8SnVAg7w3uKApY4R1u07TQ,Absolute Reality,UC8SnVAg7w3uKApY4R1u07TQ,05/07/2021,y,,,
UC-ONn89UOXabgtPcuWCIR5w,Abode,UC-ONn89UOXabgtPcuWCIR5w,06/07/2021,y,,,
BodyTalk,Tonic,UC63kE5Pyj0S4pEmXGt9cjKA,07/07/2021,y,,,
UCLUZ6ShyBV3vnUAVMlUs4_g,Absolute Documentaries,UCLUZ6ShyBV3vnUAVMlUs4_g,08/07/2021,y,,,
deadparrot,Dead Parrot,UCcKuvVKN-WDQ_PwoVuQ1ImQ,09/07/2021,y,,,
WildThingsChannel,Real Wild,UCbq-4OJxnziD3awH-aTezeA,10/07/2021,y,,,
UCbMJuChLfqeXCgEmmciKZxA,Real Responders,UCbMJuChLfqeXCgEmmciKZxA,11/07/2021,y,,,
UCO7E9XfJ3_sb8GNiaP563fQ,Real Royalty,UCO7E9XfJ3_sb8GNiaP563fQ,12/07/2021,y,,,
UCMV3aTOwUtG5vwfH9_rzb2w,Spark,UCMV3aTOwUtG5vwfH9_rzb2w,,y,,,
UCRAAdF42hZcTHAorbbDuivw,Wonder,UCRAAdF42hZcTHAorbbDuivw,,y,,,
UC8aZzwM6yxYtVO6xjOwhdbA,Shiver,UC8aZzwM6yxYtVO6xjOwhdbA,,y,,,
UCg82Mk_bTfGbFqxFY_CENVA,Earth Stories,UCg82Mk_bTfGbFqxFY_CENVA,,y,,,
UCt1U1fGNuA86DYfb9DxN4LQ,On The Move,UCt1U1fGNuA86DYfb9DxN4LQ,,y,,,
TimelineChannel,Timeline - World History Documentaries,UC88lvyJe7aHZmcvzvubDFRg,,,,,
UCtqAF8FSQIIq-vBLKtgLH_w,Parable - Religious History Documentaries,UCtqAF8FSQIIq-vBLKtgLH_w,,y,,,
odyssey,Odyssey - Ancient History Documentaries,UCV-yCAXMS-nWrHtORuDfSuQ,,,,,
UC4AllprYMFCXhx5OODDUX8A,Business Stories,UC4AllprYMFCXhx5OODDUX8A,,y,,,
UCEzuOCz9-i0TSLePSbIoPWA,Amplified,UCEzuOCz9-i0TSLePSbIoPWA,,y,,,
